"AU_ID","Longitude","Latitude"
"MA52-11",-71.3069249888313,41.8741995837954
"MA52-01",-71.3500172669583,42.0168680502553
"MA52-06",-71.2868580134732,41.9843464353054
"MA52-10",-71.3192329452423,41.9422183608022
"MA52-08",-71.3456741591554,41.9395482528273
"MA52-05",-71.2705578120573,41.9261363439413
"MA52-03",-71.3192363663046,41.9572799572003
"MA52-07",-71.3505445805928,41.9636681517284
"MA52-02",-71.3349129147418,41.9925051819862
"MA52-09",-71.3540649343257,41.9926399244082
"MA62-46",-71.0642183157647,42.103727597831
"MA62-45",-71.071450967681,41.7596571365232
"MA62-44",-71.0133298106762,41.8001899655975
"MA62-42",-71.031797300844,41.7760950604251
"MA62-41",-71.0368198416919,41.8545359431358
"MA62-38",-70.9511816129476,42.0632554185604
"MA62-19",-71.0242459567876,41.8043026546647
"MA62-09",-70.9816863620317,42.0978628490792
"MA62-01",-70.9542405579862,41.9607021922652
"MA62-05",-71.0354682884684,42.1018335772727
"MA62-06",-71.0292457742419,42.0933134580485
"MA62-07",-71.0192083697006,42.1072274750292
"MA62-08",-71.0567531159566,42.1102326726607
"MA62-11",-71.0685185048339,42.0345224480772
"MA62-12",-71.0619935378299,42.0326160499249
"MA62-13",-71.0549716508917,42.0291775001738
"MA62-14",-71.2419679332994,42.0560932823996
"MA62-22",-71.0929574834092,42.0751594480132
"MA62-24",-70.8388712658488,41.9661033081704
"MA62-25",-70.9188132805311,41.8252013045475
"MA62-26",-70.9186634095722,41.8300447678144
"MA62-28",-71.1517291527782,42.0202834902885
"MA62-29",-71.1459115841019,42.0088506793337
"MA62-30",-71.1330130694355,42.0473005778176
"MA62-31",-71.1407083835424,42.03814728158
"MA62-32",-70.9726076236874,42.0772212641926
"MA62-33",-70.9362635623192,42.0977688309195
"MA62-35",-71.0870315503926,42.0469013551063
"MA62-37",-71.0588127893706,41.9396965774387
"MA62-40",-71.2141644227649,42.0303982752824
"MA62-47",-71.2964099544572,42.0438553422463
"MA62-53",-71.1650595528991,41.864223322826
"MA62-54",-71.1632684423482,41.8619998753386
"MA62-56",-71.2246137018007,41.9881829263365
"MA62-10",-70.9226335250853,42.068210716556
"MA62-34",-70.9213851240549,42.0811493337208
"MA62-36",-70.9684034162144,41.956750950837
"MA62-43",-71.109563448102,41.8943765632153
"MA62-66",-71.1761723995928,42.0276938547474
"MA62-63",-71.2228458487554,42.0604011209075
"MA62-61",-71.2614266179468,41.9968953857637
"MA62-59",-71.1486822484326,41.8154369626043
"MA62-58",-71.1507826978545,41.8157758836174
"MA62-67",-71.1264584548645,42.0863395137793
"MA62-64",-71.1914373178455,42.0766924045259
"MA62-65",-71.1901367679618,42.0511295604072
"MA62-60",-71.2730637993107,42.0089591129455
"MA62-62",-71.2139347856659,42.0856803313132
"MA62-81",-70.981152152465,41.7585927557689
"MA62-79",-70.8502057993821,42.033336050264
"MA62-78",-71.1758101167185,41.998876833645
"MA62-77",-71.0809566461261,41.9319066835368
"MA62-75",-70.9712984185009,41.9137174546475
"MA62-68",-71.1092314135391,42.0783001448448
"MA62-69",-70.9509737209457,41.8833003992591
"MA62-71",-70.9599519297269,41.8906815378146
"MA62-72",-70.8692629407932,41.8786671356947
"MA62-73",-70.9893905971391,41.8695025080507
"MA62-74",-70.9697530646592,41.7819182572638
"MA62-70",-71.0348416806123,41.9427314435108
"MA62_80",-70.859633360963,42.0161535992795
"MA94-03",-70.9189265933132,42.1218926411309
"MA94-04",-70.8844428824577,42.1150911570219
"MA94-10",-70.688287197225,42.0793351358067
"MA94-13",-70.779478226676,42.0036741564895
"MA94-08",-70.7383004738888,42.0768003364856
"MA94-12",-70.783558628619,42.0078394010736
"MA94-21",-70.8970415759562,42.1313621061721
"MA94-27",-70.8279545776157,42.1444553005665
"MA94-18",-70.8242344827171,42.204668902158
"MA94-28",-70.8318354931874,42.2033200353804
"MA94-29",-70.8299552681722,42.2279624456789
"MA94-22",-70.8817170300302,42.1149140794488
"MA94-35",-70.6052103493294,41.9056390421035
"MA94-24",-70.8272732256089,42.112332813378
"MA94-26",-70.8001177592933,42.1729696052256
"MA94-36",-70.7829910899776,42.1921988818551
"MA94-39",-70.8743087811912,42.15317786704
"MA94-41",-70.8975902089496,42.1507685338338
"MA94-40",-70.9005620298895,42.1422522114992
"MA94-42",-70.6820618182162,41.9252198135171
"MA94-38",-70.6226013376743,41.9087662368943
"MA94-37",-70.6449335365121,41.8968658462365
"MA94-43",-70.5816918928006,41.832936762459
"MA94-45",-70.6957407572484,41.9677075188451
"MA94-44",-70.572090632895,41.8156849781368
"MA94-46",-70.7144118493498,42.0265093767306
"MA94-48",-70.7517079628778,42.0492805586676
"MA94-49",-70.8519866311858,42.053245934411
"MA94-50",-70.8607253883102,42.0635993543115
"MA94-51",-70.5683717628923,41.8741493041958
"MA94-52",-70.75228477308,41.9723651695894
"MA94-53",-70.7542913526144,41.9676592026434
"MA94-54",-70.7230470972838,41.9699019579668
"MA94-55",-70.7154721916944,42.1022349304678
"MA94-58",-70.7417154245644,42.0160369595432
"MA94-59",-70.7260919950697,41.9820877821683
"MA94-60",-70.7631393421001,42.084544612844
"MA94-61",-70.6833458908987,42.0315281185391
"MA94-63",-70.7768653414537,42.19161597303
"MA94-65",-70.5684241476976,41.9110543177753
"MA94-67",-70.7223655468201,42.006020093211
"MA83-01",-71.2741465399213,42.4708758379111
"MA83-24",-71.293177547842,42.4774464316095
"MA83-06",-71.2197025222248,42.4775169397528
"MA83-07",-71.2182808209336,42.6236518962916
"MA83-08",-71.2600494855277,42.4625873111948
"MA83-09",-71.2497712090159,42.5835617023776
"MA83-10",-71.2470859278684,42.4632478306539
"MA83-11",-71.1999918452347,42.4959862957452
"MA83-12",-71.2096416968511,42.6338508705953
"MA83-13",-71.2097032189709,42.5032012852861
"MA83-14",-71.2680583345978,42.5108982965871
"MA83-16",-71.1366772758607,42.6188191275899
"MA83-17",-71.2490384132908,42.4918985434664
"MA83-18",-71.229107708481,42.5436596024691
"MA83-15",-71.1934883391091,42.6338896119086
"MA83-21",-71.1716843777944,42.5939342809239
"MA83-19",-71.2162834995511,42.5626744090598
"MA83-20",-71.1785487548753,42.6226329486393
"MA83-23",-71.3076452874627,42.4628155889376
"MA83-22",-71.2462588854559,42.5438792448362
"MA83-04",-71.1298900302403,42.6533840160654
"MA41-02",-72.1334109826406,42.0970876624665
"MA41-03",-72.0988320748864,42.0931269417761
"MA41-04",-72.0956551577151,42.0918023135229
"MA41-05",-71.9845947357085,42.1634480626942
"MA41-06",-71.9995616128059,42.1448976433225
"MA41-07",-72.200538088209,42.110377253879
"MA41-08",-72.2098839304124,42.0753205961858
"MA41-09",-72.116026343024,42.0998507470647
"MA41-01",-72.1645829018334,42.098951206114
"MA41-10",-71.9372939826238,42.0470121321241
"MA41-13",-72.0363746770994,42.1256644485475
"MA41-14",-72.0754707208501,42.0469598855416
"MA41-16",-72.1807659921092,42.1482118128622
"MA41-18",-72.2226514087437,42.1318553355587
"MA41-19",-72.1948764149153,42.0477491443001
"MA41-20",-72.1794208752769,42.0242586294956
"MA41-21",-72.1293994154605,42.0560443932155
"MA41-22",-71.787657108437,42.0283898583053
"MA41-23",-71.9808616362969,42.105929275858
"MA41-24",-72.2265657867648,42.0924082022531
"MA41-25",-71.927700709975,42.0372009653029
"MA41-26",-72.1413171875991,42.1715889251219
"MA41-12",-72.0570590326189,42.0418634974805
"MA41-15",-72.1098711975338,42.0686401380215
"MA41-17",-72.2077820012584,42.1367120774267
"MA41-27",-72.1741806250118,42.1262554827777
"MA41-11",-72.0584439473306,42.0187667422465
"MA41-28",-72.0995222262818,42.0405860099983
"MA41-29",-72.1076567037329,42.1400161376779
"MA91-04",-70.8827268954327,42.6825019338139
"MA91-07",-70.9532166599441,42.7311436301534
"MA91-08",-70.9339040023292,42.7095338364286
"MA91-10",-70.8825939166369,42.7218917321773
"MA91-13",-70.8819791583274,42.6892883810302
"MA91-01",-70.994876621342,42.7341196452691
"MA91-16",-70.9955800078545,42.7057799303695
"MA93-02",-70.9680016415065,42.5593674160601
"MA93-05",-70.9619288053887,42.5160727398795
"MA93-07",-70.8928674086651,42.5719506144334
"MA93-26",-70.6463148132218,42.6389614043186
"MA93-30",-71.0519280102755,42.5411427271841
"MA93-31",-71.0661658280124,42.4982352767014
"MA93-33",-71.0094043549601,42.5021475316521
"MA93-34",-71.0643853831976,42.5281400156339
"MA93-35",-71.0491939178496,42.5085001917075
"MA93-36",-70.9292274450101,42.5810507334799
"MA93-37",-70.9606072052062,42.5753679243641
"MA93-38",-70.9638185394387,42.566301233039
"MA93-39",-70.9565417602312,42.5220990766927
"MA93-45",-70.8066867477608,42.6077969681668
"MA93-32",-71.0153823415554,42.513214649158
"MA93-50",-71.026502623065,42.4575879128018
"MA93-47",-70.7494847651218,42.577162077548
"MA93-48",-71.0467832049924,42.4761712223394
"MA93-27",-70.6519724083882,42.6356630088725
"MA93-29",-70.7602294293975,42.5913146097116
"MA93-59",-70.8164743059685,42.5722469907787
"MA93-58",-70.8462013775895,42.56821749083
"MA93-61",-70.737309631696,42.6166084446022
"MA93-64",-70.7938628007305,42.576527485978
"MA93-65",-70.7285323771042,42.6057602734538
"MA93-66",-70.7212259559702,42.6043852632637
"MA81-01",-71.8976774767515,42.5834266998497
"MA81-02",-71.866721432345,42.5889698087108
"MA81-03",-71.8566763754141,42.5817396893063
"MA81-04",-71.8242719598059,42.5571687853587
"MA81-05",-71.7841705142579,42.4964779294451
"MA81-06",-71.7691614403719,42.5316849957111
"MA81-07",-71.7517581570174,42.5593417494576
"MA81-08",-71.8278958525546,42.4043787044895
"MA81-09",-71.8213369502283,42.4058577976212
"MA81-13",-71.8011573656028,42.5342109190557
"MA81-16",-71.6993476735696,42.5582909733104
"MA81-17",-71.5850036544855,42.5272572436807
"MA81-18",-71.7500352186549,42.6804866503979
"MA81-19",-71.7453346566275,42.6772555633192
"MA81-21",-71.669169931154,42.7360519705931
"MA81-23",-71.616384973219,42.6745130757941
"MA81-26",-71.8549940107302,42.418404553517
"MA81-28",-71.7718735871859,42.3439871814624
"MA81-29",-71.7330113438817,42.3464705685996
"MA81-30",-71.8583049455838,42.4593641632781
"MA81-31",-71.8303473241539,42.4635772493981
"MA81-32",-71.8805707785112,42.3856560387427
"MA81-33",-71.8464937167069,42.3307776561078
"MA81-34",-71.7274770213996,42.3573477186045
"MA81-35",-71.8456776790228,42.3349386924495
"MA81-10",-71.8778603633852,42.5269587724724
"MA81-11",-71.9213207884612,42.5871751454788
"MA81-39",-71.7678432670593,42.5025359037975
"MA81-38",-71.7845569838282,42.4985270882238
"MA81-37",-71.6992369300851,42.6049756163317
"MA81-36",-71.7410199746254,42.6212145223736
"MA81-40",-71.8554149399529,42.4911858307697
"MA81-41",-71.8262466390678,42.4952023158775
"MA81-42",-71.8005906725856,42.4683169718801
"MA81-44",-71.8188901099426,42.4187062911913
"MA81-46",-71.7970861006667,42.4710501615177
"MA81-47",-71.7642928383527,42.4165360983202
"MA81-48",-71.7116515104628,42.3581683386505
"MA81-52",-71.8420727555598,42.3135567314107
"MA81-53",-71.8695438167338,42.3572730827942
"MA81-55",-71.8042335638754,42.4096043828421
"MA81-56",-71.9059556578141,42.3499060400903
"MA81-57",-71.7705548279037,42.4380564319408
"MA81-58",-71.9082653464214,42.3836890468369
"MA81-12",-71.8781359755783,42.624417936442
"MA81-62",-71.804103249098,42.6152349880664
"MA81-15",-71.6364717177065,42.4517380071366
"MA81-20",-71.5733339685773,42.5903024251351
"MA81-24",-71.7969285534723,42.3471548531442
"MA81-25",-71.7895403957838,42.353223569721
"MA81-27",-71.8015981863998,42.366544142369
"MA81-43",-71.7928251131301,42.4449326368796
"MA81-45",-71.8250552709581,42.4281854892821
"MA81-49",-71.7886238538282,42.3647937583437
"MA81-50",-71.7032261717703,42.3717101031975
"MA81-51",-71.8209690012624,42.3588822397044
"MA81-54",-71.7977058964117,42.3959874152766
"MA81-59",-71.8147750661607,42.4009644319624
"MA81-60",-71.6410393564391,42.4455489511317
"MA81-72",-71.7466770962696,42.4682659639236
"MA81-65",-71.9120571294877,42.5480623874845
"MA81-69",-71.9226381765423,42.3997350485466
"MA81-70",-71.8574767717889,42.4281519064622
"MA81-71",-71.8880607046803,42.4346596922795
"MA81-88",-71.7865088761155,42.4680454378192
"MA81-73",-71.5900805824314,42.5084055776547
"MA81-82",-71.6018878276352,42.5308177114014
"MA81-74",-71.7214634083424,42.5768964981154
"MA81-77",-71.8140014136144,42.6881857137369
"MA81-79",-71.809803791211,42.6830973613294
"MA81-78",-71.7968144218712,42.7030779456497
"MA81-80",-71.7732415296218,42.6495079757352
"MA81-83",-71.7687240847887,42.6621662730245
"MA81-81",-71.5370542988324,42.6531928358046
"MA81-84",-71.6372066405677,42.5580197401518
"MA81-67",-71.733781279503,42.4195866623311
"MA81-75",-71.6847286367041,42.6317619973923
"MA81-76",-71.6405265428713,42.6841330589224
"MA81-64",-71.5605211381204,42.65231129673
"MA81-68",-71.7302890768037,42.6565126454147
"MA81-85",-71.660306309917,42.5154131766399
"MA81-86",-71.639407729083,42.4433206247927
"MA81-89",-71.823096045582,42.6346414203332
"MA81-90",-71.9106167990848,42.5297114692225
"MA81-87",-71.6725380555349,42.4883334691763
"MA81-91",-71.8862337252037,42.5571440294457
"MA81-92",-71.888136705483,42.5622741029169
"MA81-93",-71.8932604593805,42.3382547523563
"MA81-94",-71.9247201274657,42.3261881452127
"MA81-96",-71.837847785469,42.50391011371
"MA81-95",-71.9378978072476,42.3546754439009
"MA81-97",-71.8750900040078,42.5926878794531
"MA81-98",-71.8561470891971,42.56991667387
"MA81-99",-71.8485394440419,42.645212345823
"MA81-100",-71.8209182147589,42.6252703407765
"MA81-101",-71.6809652173515,42.5081514264615
"MA81-102",-71.7708890263138,42.7266639313182
"MA81-66",-71.7129547698869,42.4404577761851
"MA61-03",-71.1913037624735,41.7944834949813
"MA61-05",-71.1246206687396,41.6743074436992
"MA61-08",-71.2404659985724,41.7615728845159
"MA61-10",-71.189002260346,41.7990828633686
"MA61-09",-71.1785653290635,41.7639748942116
"MA35_26",-71.9284895529932,42.6856007525641
"MA35_30",-72.2236317112459,42.7259999127159
"MA35_05",-72.1640466461637,42.6479187180025
"MA35_19",-72.4533504320947,42.5548864887728
"MA35_15",-72.4221224906505,42.565325859042
"MA35_17",-72.2082312239557,42.7283595952427
"MA35_18",-72.364221773478,42.5605888600428
"MA35_09",-72.1366806055007,42.5815355302892
"MA35_29",-72.1980859738796,42.7113298565731
"MA35_06",-71.9930609204606,42.5489787231453
"MA35_01",-72.0085148567197,42.7132987317998
"MA35_02",-72.0373713912357,42.7155337992642
"MA35_10",-72.125045706317,42.7382970662968
"MA35_16",-72.4002802309159,42.6381756713034
"MA35_03",-72.0428064899424,42.6633352537183
"MA35_07",-72.0055554491932,42.5684212692151
"MA35_08",-72.0310154353417,42.5827391111179
"MA35_11",-72.2662423621709,42.6741855683376
"MA35_20",-71.9578483656419,42.6776392345273
"MA35_21",-71.9821541705084,42.7313522665374
"MA35_13",-72.1727525063988,42.7123338694867
"MA35_04",-72.1423418208391,42.6523560157611
"MA35_14",-72.2401953920642,42.6913335148312
"MA35_28",-72.1395375143375,42.5672421989229
"MA35_27",-71.9594699356876,42.5468947073731
"MA35_24",-72.1948942404556,42.6318446033889
"MA35_23",-72.3349623932314,42.5811287301581
"MA35_22",-72.2185236982976,42.5586594548097
"MA35_25",-72.1351324516339,42.6539196767943
"MA35_31",-72.4091530384468,42.6347650011333
"MA35_33",-72.2968572826415,42.6356418719753
"MA35_34",-72.2476169095377,42.6776689832863
"MA35_35",-72.3390123030297,42.5887114000438
"MA35_36",-72.100459794507,42.5844897826385
"MA35_37",-72.1406563426344,42.5557964769571
"MA35_38",-72.264258818429,42.6967222243233
"MA35_39",-72.4206611197602,42.5734681620487
"MA35_45",-72.3620417604458,42.662392792289
"MA35_44",-72.2259599260711,42.7568652168705
"MA35_42",-72.1627320328646,42.6378015958412
"MA35_41",-72.1436473911416,42.644888582701
"MA35_40",-72.1365849378478,42.6007871627431
"MA35_43",-72.2336726541752,42.5454587370181
"MA35_32",-72.4435033463937,42.6044809779843
"MA84A-36",-71.2562965128041,42.7125908751875
"MA84B-06",-71.5466394598833,42.5399749379595
"MA84A-34",-71.451869761807,42.653149868979
"MA84A-39",-71.0388374589632,42.8228810731851
"MA84A-32",-71.5157838929747,42.6904387194556
"MA84A-33",-71.5115478298919,42.6414569189352
"MA84A-31",-71.87427247627,42.6867564996156
"MA84A-38",-71.0171739992734,42.7487645572664
"MA84A-40",-71.2004808622345,42.6585945922484
"MA84A-03",-71.5233406497288,42.7627948782821
"MA84A-04",-71.4347407410047,42.745002921803
"MA84A-09",-71.1047410792308,42.8382302528442
"MA84A-10",-71.2204072528728,42.8142369040976
"MA84A-11",-71.3273844112461,42.8066493094457
"MA84A-14",-71.2617369427206,42.6319503886387
"MA84A-15",-71.0503115205374,42.7382555494554
"MA84A-16",-70.9255035930483,42.8845721976319
"MA84A-18",-71.1577089725722,42.7627721846796
"MA84A-19",-71.5470552588371,42.6063802163384
"MA84A-25",-71.0512523443941,42.8966287329718
"MA84A-28",-71.054325263051,42.8974681264547
"MA84B-01",-71.524802252342,42.5408884462749
"MA84B-03",-71.492859832276,42.5632906103458
"MA84B-04",-71.4787685631744,42.5728606662062
"MA84B-05",-71.5300627536246,42.5056199086046
"MA84B-02",-71.5091860897737,42.5277387850438
"MA84A-01",-71.6054707263472,42.7610011186081
"MA84A-02",-71.5454188406932,42.7693996601786
"MA84A-12",-71.2732608600463,42.6794305089534
"MA84A-13",-71.2658272871449,42.6827972589664
"MA84A-17",-71.3573254025275,42.6214828173828
"MA84A-20",-71.3907622186458,42.6803390063024
"MA84A-21",-71.4093600122104,42.6439631565529
"MA84A-22",-71.0101467688303,42.8408017265341
"MA84A-29",-71.6041760570267,42.7604712225356
"MA84A-35",-71.3137229516751,42.6804405135007
"MA84A-37",-71.138174903572,42.7943861714394
"MA84B-07",-71.4207067462113,42.5847408807802
"MA84B-08",-71.4811852590965,42.5940095628664
"MA84B-09",-71.3931393584081,42.6086177135321
"MA84A-41",-71.5273255796479,42.6063445470963
"MA97-46",-70.7987096108363,41.3338614049378
"MA97-44",-70.7577185581576,41.3528963884301
"MA97-45",-70.7547314030569,41.3437647739506
"MA97-23",-70.7206399377518,41.3848378706603
"MA97-25",-70.7039598572328,41.3723181730172
"MA97-37",-70.7356216299384,41.3688508930257
"MA97-24",-70.6871221069096,41.4023626004181
"MA97-36",-70.6909810215523,41.4103799207671
"MA97-22",-70.7425567900082,41.3469899089876
"MA92-08",-71.1149657154437,42.599858493487
"MA92-10",-71.0480936101472,42.5616916197706
"MA92-23",-70.8247360732219,42.6895723763852
"MA92-03",-70.8550391557072,42.6124489118256
"MA92-04",-71.1775978149344,42.5326259662818
"MA92-05",-71.1854665285349,42.5598752732973
"MA92-06",-71.0689347747665,42.5993457163192
"MA92-07",-71.0851079971542,42.5499909783682
"MA92-09",-71.074382297048,42.5877265114259
"MA92-11",-71.0040275019826,42.5420607301255
"MA92-12",-71.0406287311298,42.5951331924898
"MA92-13",-71.0572973296791,42.6375915114278
"MA92-14",-71.0321048958936,42.663273486941
"MA92-15",-71.0121546091047,42.6119667278079
"MA92-16",-70.9274794747441,42.6419476086273
"MA92-17",-70.9589519548088,42.6745413750135
"MA92-18",-70.9024516463474,42.6748864138431
"MA92-19",-70.8797341876693,42.6385836122559
"MA92-20",-70.8547324989838,42.6410888922892
"MA92-21",-70.8590548711844,42.6742932663022
"MA92-22",-70.8159621832655,42.6617452581093
"MA92-25",-70.9702360369984,42.6012964186331
"MA92-26",-71.1553373271661,42.5848338992908
"MA92-24",-70.8932206004186,42.6216400104447
"MA92-08",-71.1149657154437,42.599858493487
"MA92-10",-71.0480936101472,42.5616916197706
"MA92-23",-70.8247360732219,42.6895723763852
"MA92-03",-70.8550391557072,42.6124489118256
"MA92-04",-71.1775978149344,42.5326259662818
"MA92-05",-71.1854665285349,42.5598752732973
"MA92-06",-71.0689347747665,42.5993457163192
"MA92-07",-71.0851079971542,42.5499909783682
"MA92-09",-71.074382297048,42.5877265114259
"MA92-11",-71.0040275019826,42.5420607301255
"MA92-12",-71.0406287311298,42.5951331924898
"MA92-13",-71.0572973296791,42.6375915114278
"MA92-14",-71.0321048958936,42.663273486941
"MA92-15",-71.0121546091047,42.6119667278079
"MA92-16",-70.9274794747441,42.6419476086273
"MA92-17",-70.9589519548088,42.6745413750135
"MA92-18",-70.9024516463474,42.6748864138431
"MA92-19",-70.8797341876693,42.6385836122559
"MA92-20",-70.8547324989838,42.6410888922892
"MA92-21",-70.8590548711844,42.6742932663022
"MA92-22",-70.8159621832655,42.6617452581093
"MA92-25",-70.9702360369984,42.6012964186331
"MA92-26",-71.1553373271661,42.5848338992908
"MA92-24",-70.8932206004186,42.6216400104447
"MA11-01",-73.0746283392717,42.7657128834129
"MA11-02",-73.0765957463118,42.762494426824
"MA11-03",-73.1391074364175,42.5746590038181
"MA11-04",-73.1330844851631,42.5883893474602
"MA11-13",-73.0953729043036,42.5728041694445
"MA11-15",-73.1244073709977,42.5415292047225
"MA11-16",-73.1134050319882,42.5533375072365
"MA11-19",-73.0811127832466,42.6104671382586
"MA11-20",-73.159764446569,42.6822644626975
"MA11-23",-73.1641678048283,42.762709910176
"MA11-05",-73.1551197668448,42.6636380325254
"MA11-06",-73.2359340840975,42.6385999752892
"MA11-09",-73.2506296795102,42.7054269876171
"MA11-10",-73.19152859116,42.5704040387744
"MA11-24",-73.1853879619631,42.5820112246515
"MA11-22",-73.2798579677045,42.6337890577303
"MA12-01",-73.3041279817539,42.5636522076573
"MA11-17",-73.1703926983756,42.6085513010489
"MA11-18",-73.1527860611345,42.6229659328288
"MA11-21",-73.2107572036288,42.6084814906583
"MA12-02",-73.2784603389865,42.5607239700821
"MA13-01",-73.4698180427675,42.0959375341361
"MA11-27",-73.0810937185749,42.6104572499166
"MA11-26",-73.0750349127167,42.6847980213466
"MA11-25",-73.2466793334935,42.723655939489
"MA11-28",-73.1900278798854,42.6549357110154
"MA11-29",-73.1367868370182,42.7377078825539
"MA11-30",-73.253484161705,42.728697879891
"MA11-31",-73.168548676736,42.522204200664
"MA11-32",-73.14237479272,42.6364351649227
"MA11-33",-73.1187367046758,42.7204908198513
"MA11-34",-73.1881035155941,42.5916353339835
"MA11-35",-73.2064694548397,42.6199402328806
"MA11-36",-73.1702940210723,42.6554093724323
"MA11-38",-73.1407975013626,42.6678218596858
"MA11-37",-73.1470705795651,42.6581705270172
"MA11-39",-73.0785394429543,42.59259726475
"MA11-40",-73.1590751186155,42.5847639063754
"MA11-41",-73.2005420499511,42.550182155345
"MA11-42",-73.1476556198978,42.7213240716437
"MA11-43",-73.257227521803,42.6809351408343
"MA21-07",-73.1827251871538,42.2904107136665
"MA21-09",-73.0764318591421,42.5169357470599
"MA21-17",-73.3244084381924,42.4366837033475
"MA21-22",-73.4132046299302,42.2593336651432
"MA21-25",-73.2406848144742,42.1432499232441
"MA21-01",-73.1029212820906,42.4583333350489
"MA21-28",-73.195239612873,42.2335939522841
"MA21-26",-73.2459851928437,42.1341587998621
"MA21-23",-73.4387443318875,42.2568006772817
"MA21-21",-73.3842013007556,42.3779963060866
"MA21-19",-73.2235497468649,42.3855236697885
"MA21-15",-73.4162149210911,42.1042556923627
"MA21-12",-73.0739865374721,42.4724435382868
"MA21-04",-73.2053939553013,42.4533080055806
"MA21-02",-73.1266148416649,42.4590778157999
"MA21-29",-73.3152275837981,42.3346789807481
"MA21-39",-73.4546848249815,42.1544031233738
"MA21-34",-73.2958564023263,42.5034809322402
"MA21-36",-73.2355986641813,42.5550482352047
"MA21-38",-73.4751406707487,42.1468811120911
"MA21-44",-73.4209319659125,42.2794549893515
"MA21-45",-73.4438771210148,42.2862787023753
"MA21-47",-73.3279765152852,42.3684363277367
"MA21-48",-73.4212482236339,42.353175515901
"MA21-49",-73.3067455501407,42.2101304659205
"MA21-50",-73.3091285890847,42.1951582693218
"MA21-53",-73.189050677786,42.341113712957
"MA21-55",-73.1920959171684,42.3789063395682
"MA21-56",-73.1855558048571,42.3730432793035
"MA21-62",-73.1490760243531,42.4363953820674
"MA21-63",-73.306824335539,42.4922482597539
"MA21-65",-73.2858535970235,42.5101998664786
"MA21-66",-73.265033738967,42.5315459961132
"MA21-70",-73.3578405033426,42.4267891516582
"MA21-73",-73.2806597597321,42.2377220320064
"MA21-74",-73.2701563659801,42.2387307325887
"MA21-76",-73.3482149176204,42.3776985562642
"MA21-14",-73.3845376301339,42.2218726143103
"MA21-08",-73.1129407824164,42.4680653307952
"MA21-10",-73.1529494139885,42.5005894429353
"MA21-11",-73.0965692074235,42.5022223589284
"MA21-18",-73.2602749836847,42.517077572597
"MA21-20",-73.2885673640116,42.2930111615762
"MA21-24",-73.4497863533432,42.1562604165853
"MA21-27",-73.1768004384463,42.299729646817
"MA21-30",-73.4108541735817,42.1192253482024
"MA21-31",-73.2717589287424,42.3302398609207
"MA21-32",-73.095098685415,42.5251452141537
"MA21-33",-73.1488756254034,42.4402943568249
"MA21-37",-73.2009431070614,42.1495288036197
"MA21-40",-73.2510174725157,42.2041486515318
"MA21-41",-73.4193544402889,42.0832328882044
"MA21-42",-73.425795207726,42.0882574995179
"MA21-43",-73.4369552555824,42.0660133521426
"MA21-46",-73.3296849182282,42.1869120704785
"MA21-51",-73.1769162559731,42.2395277095686
"MA21-52",-73.2020659215856,42.3223734339147
"MA21-54",-73.2190266760953,42.3619669225073
"MA21-57",-73.2179006901439,42.4134605662898
"MA21-58",-73.1786479047157,42.4122534225698
"MA21-59",-73.1956403041625,42.4408766137743
"MA21-60",-73.1733626598462,42.4573527163321
"MA21-61",-73.11481102867,42.5034630773256
"MA21-64",-73.3047261861763,42.5003976602958
"MA21-67",-73.2773967175585,42.5320546043974
"MA21-68",-73.2532714767863,42.588230321799
"MA21-69",-73.3411248256834,42.4403409145661
"MA21-71",-73.3645698153048,42.4214581283665
"MA21-72",-73.3137770241369,42.469523860278
"MA21-75",-73.227465623335,42.1036521392857
"MA21-77",-73.2785840816407,42.3905795198442
"MA21-78",-73.3605714035275,42.2927723131825
"MA21-79",-73.4083603906633,42.0604442488312
"MA21-80",-73.2898983726126,42.4909046454852
"MA21-35",-73.4487315589793,42.1374313860443
"MA21-81",-73.1820259487465,42.4125618183742
"MA21-06",-73.3871734277024,42.3433623621481
"MA42-01",-71.9224762514649,42.2583421289581
"MA42-02",-71.9344014825314,42.2434112278826
"MA42-04",-71.8999827584205,42.1453604493221
"MA42-05",-71.9003316137192,42.1378558190343
"MA42-06",-71.9003503467377,42.135873014329
"MA42-07",-71.9492831418928,42.238380601652
"MA42-08",-71.9552409404669,42.2128337373507
"MA42-13",-71.9410772468366,42.1700578268063
"MA42-11",-71.8520387841899,42.1520847624832
"MA42-12",-71.8592984489941,42.1601991891665
"MA42-14",-71.9347536765375,42.1365909843057
"MA42-03",-71.9248197634021,42.2172295911476
"MA42-15",-71.8390786508855,42.0829220068874
"MA42-16",-71.834343547206,42.0684823808505
"MA42-18",-71.9007584388718,42.2245847938054
"MA42-19",-71.8414105192204,42.1181987186833
"MA42-20",-71.9445478540495,42.1086229317758
"MA42-10",-71.8397324708348,42.0570627513569
"MA42-21",-71.9623049820615,42.1766247686276
"MA31-01",-73.0939753969231,42.1612436735205
"MA31-02",-73.0404552829384,42.1815650849943
"MA31-03",-73.1298760558604,42.1309714622982
"MA31-04",-73.1492184271317,42.257622310215
"MA31-05",-73.1298668749017,42.269489536592
"MA31-07",-73.1201133064655,42.2659298924283
"MA31-08",-73.1407732135694,42.2397681249307
"MA31-09",-73.1084294888566,42.2037891056038
"MA31-10",-73.0778666294977,42.2195847098887
"MA31-11",-73.118232412193,42.2026247201409
"MA31-13",-73.1325888909575,42.0927649405361
"MA31-14",-73.1610042660031,42.0727725064657
"MA31-15",-72.9139483067632,42.0724906588769
"MA31-16",-72.9756265109304,42.0803481214078
"MA31-06",-73.1074491567406,42.2708239727333
"MA31-17",-73.1349435749665,42.0646009503619
"MA31-18",-73.1597275294606,42.0873814130576
"MA31-20",-73.0263766968037,42.070294728705
"MA31-22",-73.0911039128473,42.0635140864041
"MA31-24",-73.0409669022054,42.0839108958614
"MA31-25",-73.1422416426487,42.09939518255
"MA31-28",-73.0914336037623,42.1633964016941
"MA31-34",-72.9722879540488,42.0973172093479
"MA31-37",-72.8123118407059,42.013755714349
"MA31-19",-73.0067279945268,42.0519740427869
"MA31-27",-73.1320536600538,42.1975698520843
"MA31-32",-72.9973670460339,42.0989878652164
"MA31-33",-73.0121019257831,42.1066197709716
"MA31-36",-72.9227586316641,42.0816366586184
"MA31-38",-73.1587222521044,42.1509725806824
"MA31-29",-73.1082890797059,42.2776689516738
"MA31-40",-72.8593570326092,42.0439449244719
"MA31-35",-72.9012947604694,42.0757381234907
"MA31-23",-73.0464374041343,42.0826070916019
"MA31-31",-72.9733582326608,42.0461963842524
"MA31-30",-72.9430355372861,42.0721751695834
"MA31-21",-73.0089371435609,42.0644433083432
"MA31-26",-73.1205679536263,42.0819052683955
"MA31-39",-73.1464875883251,42.1296537641245
"MA31-41",-73.1167245613492,42.0537016566254
"MA33-101",-72.7692399928584,42.5051343894036
"MA33-52",-72.6254933234052,42.6929443019259
"MA33-86",-73.0124590687326,42.6152406697509
"MA33-67",-72.8803004103918,42.6691821137919
"MA33-90",-72.8449630708082,42.7278202606755
"MA33-38",-72.6931601119742,42.7391939122639
"MA33-121",-73.0605208929944,42.6669925270775
"MA33-59",-72.8312402943261,42.6716371745083
"MA33-51",-72.701750381489,42.6362158858183
"MA33-120",-72.8448367992121,42.7193322813871
"MA33-98",-72.6729480402253,42.6672337679987
"MA33-104",-72.6719837086394,42.648048474315
"MA33-70",-72.5849554108797,42.6492422188731
"MA33-68",-72.5940372726994,42.644508540635
"MA33-84",-72.6383354015258,42.5818929417365
"MA33-105",-72.5978207547752,42.6581258341999
"MA33-117",-72.6358268863993,42.7015302698549
"MA33-106",-72.7390128169436,42.7251166663889
"MA33-40",-72.8232781996295,42.7263603715655
"MA33-107",-72.7144258976065,42.7086089161458
"MA33-108",-72.7145586167409,42.6923912697534
"MA33-24",-72.7564753745266,42.7102398586196
"MA33-99",-72.636981391299,42.6806865132949
"MA33-94",-72.6472045130338,42.6533625211659
"MA33-100",-72.661185033426,42.6367364193941
"MA33-60",-72.6490763079069,42.7088209594211
"MA33-28",-72.6951826616511,42.7717373482812
"MA33-61",-72.7605094252486,42.5831334246999
"MA33-116",-72.8038156257222,42.5975504095531
"MA33-46",-72.7971275926373,42.5083103841553
"MA33-114",-72.7114348799959,42.5266327282359
"MA33-81",-72.632191218675,42.5723608690185
"MA33-07",-72.7994414817962,42.5310585169482
"MA33-19",-72.7688433815907,42.7609684358037
"MA33-05",-73.013900079467,42.6448878758611
"MA33-35",-72.816603175726,42.6499739099461
"MA33-74",-72.7608489137812,42.487077974775
"MA33-23",-72.7486725977233,42.5588231350104
"MA33-31",-72.7789541372127,42.6732375463939
"MA33-14",-72.8592251112866,42.6740481883281
"MA33-97",-72.5852897481726,42.6434303278542
"MA33-17",-72.7502812502533,42.5484390177229
"MA33-87",-73.0551119596836,42.6582662657545
"MA33-80",-72.7962320522939,42.7270603078022
"MA33-15",-72.8152135453151,42.5768533787396
"MA33-33",-72.8460041749879,42.604791204576
"MA33-13",-72.8815480774682,42.6053473467033
"MA33-75",-72.8952558413915,42.5823408805724
"MA33-118",-72.9625998046033,42.562670171562
"MA33-119",-73.008771698659,42.5769745224487
"MA33-49",-72.6084005111433,42.6788198578307
"MA33-95",-72.6416790028332,42.5898756456871
"MA33-64",-72.9485613610678,42.550618437511
"MA33-36",-72.9265577003995,42.560848993554
"MA33-65",-72.902040460919,42.652284480085
"MA33-128",-72.9700529810034,42.6730933988318
"MA33-66",-72.9935911675509,42.6479994300205
"MA33-88",-72.9465564494092,42.6241955648799
"MA33-55",-73.0491467419107,42.7037394784701
"MA33-78",-73.0214116757712,42.6173119231076
"MA33-126",-72.9537631750396,42.6019668035433
"MA33-58",-72.8420916874372,42.6401539359548
"MA33-125",-72.8865962424505,42.6497845949643
"MA33-92",-72.7948530659568,42.647181990015
"MA33-83",-72.7052589469015,42.6007455864358
"MA33-69",-72.9056947741639,42.5768738148992
"MA33-48",-72.9986596868627,42.7264795293944
"MA33-56",-73.0247384780701,42.6204453030809
"MA33-25",-72.73088129931,42.6978125926501
"MA33-12",-72.9093704383809,42.6999176030164
"MA33-96",-72.6155822456249,42.6768252653389
"MA33-16",-72.7680362808049,42.5856589694107
"MA33-27",-72.8013015903878,42.7048429484702
"MA33-26",-72.8185732389329,42.5539778248318
"MA33-11",-72.9443128190348,42.5812644638483
"MA33-102",-72.7468915070966,42.5091234838449
"MA33-03",-72.8244960059682,42.6875178907954
"MA33-02",-72.888571585823,42.7102481501202
"MA33-82",-72.7498066038374,42.5502595614521
"MA33-79",-72.8384813682559,42.5921536220851
"MA33-45",-72.8496192689077,42.5889248408316
"MA33-115",-72.7674322863232,42.4911771257213
"MA33-44",-72.7758346495972,42.481207838472
"MA33-71",-72.7376859498957,42.483759259149
"MA33-32",-72.701924697539,42.4947967502098
"MA33-72",-72.7811677188266,42.6379876937924
"MA33-93",-72.8348953436789,42.643818984874
"MA33-20",-72.6817434006858,42.5939109090494
"MA33-112",-72.6685398850858,42.5838108946842
"MA33-41",-72.8699392685365,42.7394393455117
"MA33-111",-72.7987076940725,42.6752532403586
"MA33-123",-72.982978939841,42.7272844531675
"MA33-53",-73.0300802983365,42.7254735038921
"MA33-43",-73.0114863339069,42.6836424970523
"MA33-91",-73.0079396120469,42.6698768343701
"MA33-110",-72.761534200913,42.6620637981068
"MA33-122",-73.0267038110639,42.6885099565075
"MA33-42",-72.7379023549781,42.663677594579
"MA33-76",-72.9185225894087,42.7019879995163
"MA33-77",-72.786968446582,42.6905862387264
"MA33-85",-72.9435990677052,42.6790682356303
"MA33-89",-72.772392927885,42.7155485493968
"MA33-109",-72.7404700227682,42.6905974265661
"MA33-22",-72.6550671202895,42.5671550098353
"MA33-113",-72.7300083928981,42.5694482931877
"MA33-63",-72.7202648154791,42.4949378094817
"MA33-54",-72.6686466406064,42.5910342251643
"MA33-34",-72.654309992617,42.6132162028564
"MA33-29",-72.6798500339077,42.7384981685745
"MA33-103",-72.675405279934,42.6397353104876
"MA33-124",-72.798276094772,42.6842511658293
"MA33-21",-72.6665174729229,42.6371957174067
"MA33-129",-72.8732117307548,42.7120214460893
"MA33-133",-72.7460495590821,42.5881733206629
"MA33-131",-72.7261463928039,42.6490353722527
"MA33-130",-72.7448163151548,42.6523647255651
"MA33-134",-72.7001933064887,42.7262968750385
"MA33-132",-72.6502083455568,42.6404864910512
"MA33-01",-72.9530329437989,42.7797762678955
"MA33-06",-72.7753114382274,42.7332421818269
"MA33-37",-72.9821209184754,42.6098570958652
"MA33-39",-72.9817965021222,42.5890458875113
"MA33-50",-73.0016124889322,42.6960184228327
"MA33-57",-72.9725368408413,42.723743501324
"MA33-62",-73.0109202903104,42.5951515661061
"MA33-18",-72.8641218750751,42.6867545855486
"MA33-04",-72.8479829535873,42.7447017061974
"MA33-127",-72.9208532910851,42.6581469054453
"MA33-73",-72.9561209834725,42.7332345642617
"MA33-135",-72.7528108637647,42.6439005115191
"MA33-137",-72.8074443770841,42.5107413428949
"MA33-136",-72.9141995892993,42.734541341832
"MA33-30",-72.6635016287128,42.7147854132348
"MA34-05",-72.454046396357,42.605382884318
"MA34-08",-72.3588985133457,42.06714224772
"MA34-29",-72.483408863825,42.1104432420078
"MA34-30",-72.3884544033166,42.0601989440775
"MA34-01",-72.2759127050425,42.9195074588005
"MA34-02",-72.2940980915754,42.8961845225563
"MA34-03",-72.314182550816,42.8824486080393
"MA34-04",-72.4443070303179,42.6519176177123
"MA34-09",-72.5276036303283,42.4651357646619
"MA34-11",-72.7324722160638,42.3123528722331
"MA34-12",-72.7297098324776,42.2353777016964
"MA34-13",-72.7508416918161,42.1819675785777
"MA34-14",-72.6778228508013,42.2403652972043
"MA34-15",-72.6851278841844,42.2531621624654
"MA34-16",-72.7048887871753,42.2155820616805
"MA34-17",-72.718177445064,42.1985007970605
"MA34-18",-72.6692356596997,42.219440319977
"MA34-19",-72.5288790879972,42.2349623757538
"MA34-23",-72.4304284104793,42.2731476974989
"MA34-24",-72.6542120144173,42.4438528433396
"MA34-25",-72.4984922157755,42.4296029469816
"MA34-27",-72.4804483686832,42.3600036010556
"MA34-28",-72.7325490835728,42.393692985004
"MA34-31",-72.5019339082965,42.4278411412387
"MA34-32",-72.7287550850654,42.3895613188452
"MA34-07",-72.4909184393386,42.2800156473738
"MA34-10",-72.7930753386011,42.2730839408549
"MA34-33",-72.5760753305452,42.7111227657909
"MA34-34",-72.468895302802,42.4525185509088
"MA34-35",-72.4351189546667,42.3896902564555
"MA34-37",-72.7402143572798,42.4421352907215
"MA34-36",-72.6151828877788,42.4960410573533
"MA34-39",-72.7724435354834,42.4233133713874
"MA34-38",-72.7749025320037,42.4313867606914
"MA34-41",-72.4744456236056,42.5209956358894
"MA34-40",-72.4353347402771,42.5078546185784
"MA34-06",-72.421001104122,42.2802122522791
"MA34-20",-72.5792259735934,42.0644421354057
"MA34-21",-72.563527237428,42.0444386510355
"MA34-22",-72.5903295261221,42.0298890237443
"MA34-42",-72.5830457078005,42.2250822868526
"MA34-54",-72.7617007199531,42.2971584516143
"MA34-56",-72.4401916756518,42.6322529568001
"MA34-64",-72.5174874219951,42.6687379166367
"MA34-43",-72.6474467572555,42.1495383917089
"MA34-48",-72.425646715341,42.3885286016415
"MA34-50",-72.4429275880366,42.4229160979631
"MA34-53",-72.7774112452359,42.2888667738754
"MA34-58",-72.6874655676448,42.4448380854915
"MA34-59",-72.4606712802215,42.4310599865637
"MA34-60",-72.5727432392245,42.1926413108636
"MA34-61",-72.459940025919,42.3344626443602
"MA34-62",-72.5384537946814,42.4520095348831
"MA34-55",-72.4043145658915,42.6931653959242
"MA34-63",-72.6771069714573,42.475574817828
"MA34-51",-72.7765407287854,42.4490277356111
"MA34-49",-72.4469243139643,42.3974124210616
"MA34-47",-72.7902155597172,42.2936270703562
"MA34-46",-72.4340899451807,42.3480764574828
"MA34-45",-72.7917783502692,42.2085158193843
"MA34-44",-72.5114196485923,42.0873824352097
"MA34-95",-72.4500175682678,42.5232326569837
"MA34-96",-72.5869441248837,42.7007761836006
"MA34-97",-72.5223114218769,42.5022721206831
"MA34-98",-72.5033970244463,42.5564256795302
"MA34-99",-72.812342533416,42.2544794275489
"MA34-100",-72.5628265237592,42.2916416969495
"MA34-101",-72.5665255605722,42.5573144490101
"MA34-102",-72.4231645687488,42.3496244833595
"MA34-103",-72.5507459739762,42.3286701540721
"MA34-104",-72.7329786516607,42.2634647089388
"MA34-105",-72.5568826970193,42.0855852937179
"MA34-106",-72.4932371912846,42.0526991178532
"MA34-79",-72.6800535927077,42.4770186274104
"MA34-89",-72.5047975945963,42.713177146562
"MA34-90",-72.4360218076448,42.6722760378574
"MA34-91",-72.42565915853,42.7175550437092
"MA34-65",-72.5158326325823,42.2944973388872
"MA34-66",-72.7196272326702,42.3177326261539
"MA34-67",-72.7112859515238,42.365155416012
"MA34-68",-72.7543318764204,42.3533929942868
"MA34-69",-72.7645870194491,42.3649733342083
"MA34-70",-72.6903487257644,42.4015162401025
"MA34-71",-72.7525089090992,42.4498301454383
"MA34-72",-72.7643797879904,42.390112878839
"MA34-73",-72.4935235380791,42.3184289752692
"MA34-74",-72.4626682110314,42.3441125866285
"MA34-75",-72.4683932817222,42.4119351234683
"MA34-76",-72.4683171848246,42.3955037967057
"MA34-77",-72.7022134546344,42.4358905153231
"MA34-78",-72.654876236758,42.4505744073419
"MA34-80",-72.4456750533078,42.4559939790789
"MA34-81",-72.4788991122148,42.4582468233232
"MA34-82",-72.5597524563311,42.4529468640308
"MA34-83",-72.488656693037,42.5580903355732
"MA34-84",-72.4999394196974,42.5430478397453
"MA34-85",-72.4934218088598,42.5288011771811
"MA34-86",-72.4686226777303,42.5142037589677
"MA34-87",-72.4461997033588,42.4825441730834
"MA34-88",-72.818337680483,42.2397289496678
"MA34-92",-72.7468934420027,42.236386529762
"MA34-93",-72.427662656079,42.374798017225
"MA34-94",-72.426793942707,42.3880983971196
"MA34-52",-72.7091826467334,42.4109588997289
"MA34-57",-72.6092045257267,42.7204776063509
"MA82A-07",-71.4913174838801,42.3784023509906
"MA82A-08",-71.4791719168484,42.3953002910275
"MA82B-01",-71.6527257126914,42.2560881500127
"MA82B-03",-71.6597926287961,42.298623185541
"MA82B-04",-71.6385558033617,42.342647617783
"MA82B-05",-71.6003564728759,42.3724038639964
"MA82B-06",-71.5985792128254,42.373119783426
"MA82B-07",-71.5435691311774,42.4145816070135
"MA82B-15",-71.368643146581,42.506927348973
"MA82B-13",-71.4543501839341,42.4989762190514
"MA82B-09",-71.4171468684148,42.4330659754752
"MA82A-03",-71.4840302933578,42.2875490727337
"MA82A-04",-71.4636427878027,42.3162295490241
"MA82A-06",-71.450621701414,42.364112513601
"MA82A-11",-71.575719474384,42.2339183932497
"MA82B-16",-71.3691788885911,42.504727835595
"MA82A-17",-71.4858457636231,42.3507321822807
"MA82A-16",-71.4946383698888,42.3504398910371
"MA82B-17",-71.5568877336796,42.4525447645972
"MA82B-19",-71.6023388944902,42.4134678811979
"MA82B-20",-71.6829175712647,42.291919902473
"MA82A-24",-71.5261367741059,42.235759103817
"MA82A-25",-71.5416420231659,42.2478228133107
"MA82A-26",-71.5264687551145,42.2777932930456
"MA82A-09",-71.4789008214935,42.3956737227117
"MA82A-01",-71.5880883135428,42.250657159533
"MA82A-05",-71.4613304951117,42.3711827553008
"MA82A-14",-71.3431559917307,42.3677245516674
"MA82A-15",-71.4993922661761,42.3552150386321
"MA82A-19",-71.403061304522,42.4075261224357
"MA82A-23",-71.5340857547619,42.2266593632808
"MA82B-02",-71.6618804875749,42.278619447097
"MA82B-11",-71.5424794789687,42.3712842075487
"MA82B-12",-71.5652213559503,42.4547526086321
"MA82B-14",-71.425968340257,42.522536805169
"MA82B-18",-71.6880778270164,42.3262607739816
"MA82B-21",-71.6538242722167,42.3795150080301
"MA82A-30",-71.6012902333773,42.2426337246779
"MA82A-28",-71.6057380914222,42.2655625790967
"MA82A-10",-71.3550620099075,42.5797152051057
"MA82A-13",-71.4280132235077,42.2816175361446
"MA82A-20",-71.3304672012957,42.4532989107903
"MA82A-22",-71.3897155138597,42.2850084048099
"MA82A-27",-71.6161394883867,42.259037911348
"MA82A-29",-71.599185782229,42.2766402131584
"MA82B-08",-71.4568764132703,42.4124657401065
"MA82B-10",-71.6115657987615,42.373034004598
"MA82B-24",-71.3987030040132,42.4824782735161
"MA82B-25",-71.5622928710217,42.3558305385837
"MA82B-26",-71.6808764918238,42.3298787158395
"MA82B-27",-71.6349857149401,42.2482594410577
"MA82B-28",-71.6573966619115,42.2423863716746
"MA82A-35",-71.4869132749533,42.3666303825513
"MA82A-36",-71.4889256981953,42.3782855237726
"MA82A-37",-71.4354346414484,42.3436484437258
"MA82A-39",-71.5155236877769,42.3545883359546
"MA82B-29",-71.5862637363666,42.4450644077148
"MA82A-18",-71.4937602491777,42.2242007354454
"MA82B-31",-71.6978435773966,42.2853704810241
"MA82B-32",-71.4536654023385,42.4984605198576
"MA82A-31",-71.3654851013781,42.5542542970068
"MA82A-32",-71.6170686477756,42.2423363081583
"MA82A-33",-71.5439486882958,42.3185561484165
"MA82A-34",-71.3846049266736,42.5866908781096
"MA82B-22",-71.4378411122334,42.4716137233232
"MA82B-23",-71.5451897929865,42.4216351062499
"MA36-01",-71.9619760668997,42.428061031452
"MA36-02",-71.9862698927647,42.48159877405
"MA36-03",-72.0096774622572,42.4515989906016
"MA36-04",-72.0308058677661,42.440393916905
"MA36-05",-72.0624259759503,42.4185190158277
"MA36-06",-72.1085867003464,42.3879137969827
"MA36-07",-72.2049835235181,42.4008649040765
"MA36-09",-72.289666140965,42.4323747485139
"MA36-10",-72.2987196792928,42.4167786044083
"MA36-11",-71.9752283453055,42.2930953335753
"MA36-12",-71.9830069586385,42.2743875519685
"MA36-13",-72.0089469729486,42.2776939691808
"MA36-14",-72.0378989583415,42.2588641180686
"MA36-17",-72.1380408327404,42.2175620169751
"MA36-18",-72.0773788138466,42.2623599749775
"MA36-19",-72.0722663659135,42.2398337923025
"MA36-20",-71.9983697538303,42.20995894581
"MA36-21",-72.2993842331699,42.0837050559039
"MA36-22",-72.1889243868346,42.337547096081
"MA36-23",-72.1946867175755,42.3318195534745
"MA36-24",-72.2080124330321,42.3249642968389
"MA36-25",-72.212562621726,42.3230139491899
"MA36-26",-72.3722420497748,42.1552982355134
"MA36-27",-72.0072299282079,42.4537072509166
"MA36-28",-72.0759519037279,42.256047978695
"MA36-29",-72.3857689544154,42.3509990241647
"MA36-30",-72.4049012465334,42.4340386110713
"MA36-31",-72.3869642648648,42.4944494296247
"MA36-32",-72.3436846836318,42.48735269239
"MA36-33",-72.3348103787211,42.542450570035
"MA36-34",-72.2462759905408,42.4951546825844
"MA36-35",-72.1616774143684,42.484517546746
"MA36-36",-72.064323735827,42.4916941552393
"MA36-37",-72.0838089246678,42.5017643061879
"MA36-08",-72.1011756675469,42.4386241797331
"MA36-15",-72.0742960791747,42.2568367157658
"MA36-16",-72.1074849926815,42.2380491853452
"MA36-41",-72.4751050260753,42.1902333336275
"MA36-42",-72.4677899697449,42.192868337145
"MA36-40",-72.5787164394079,42.1365549533711
"MA36-39",-72.5459571697222,42.1411076043994
"MA36-38",-72.5317057990118,42.1866090291877
"MA36-47",-72.2202893778315,42.4843760043472
"MA36-45",-72.2692522254604,42.0640999700648
"MA36-51",-72.1525196078009,42.4041190662267
"MA36-49",-71.9561883616361,42.2974354187335
"MA36-44",-71.9678502707689,42.5067045724455
"MA36-43",-72.3838892555665,42.2810934006646
"MA36-46",-72.2450126008738,42.1490330118497
"MA36-50",-72.1965641510573,42.3480311051496
"MA36-81",-72.3931963712277,42.3939105526539
"MA36-74",-71.9698736906846,42.4018944896184
"MA36-75",-71.9468917042586,42.2762302538182
"MA36-76",-72.3551135274796,42.4368628537201
"MA36-77",-72.2162018768544,42.3621329709579
"MA36-78",-72.1089434317445,42.2582007193831
"MA36-79",-72.2588115969777,42.0581707443958
"MA36-80",-72.0090373404625,42.1955724611359
"MA36-82",-72.0264839264972,42.3763806334834
"MA36-52",-72.4446844633232,42.1953618144344
"MA36-53",-72.3733511311686,42.1307980589093
"MA36-54",-72.3986481900156,42.1277072570942
"MA36-55",-72.349262436548,42.1038958358334
"MA36-56",-72.422944180866,42.2408939076611
"MA36-57",-72.2419846233841,42.1338545279143
"MA36-58",-72.137548071366,42.2509624704393
"MA36-59",-72.0612361131495,42.3156427725614
"MA36-60",-72.3534323566425,42.2356422877602
"MA36-61",-72.3983553561715,42.4168593560021
"MA36-62",-72.3948193186218,42.4425239751626
"MA36-63",-72.3994217979983,42.4622277718962
"MA36-64",-72.4049108515691,42.4776184809432
"MA36-65",-72.3386712878289,42.4495930993887
"MA36-66",-72.324753061016,42.517575644335
"MA36-67",-72.1543195056411,42.5469780873005
"MA36-68",-72.0800718277154,42.4314420474481
"MA36-69",-72.1324475975192,42.3307523472051
"MA36-70",-72.1769937318726,42.2944873660493
"MA36-71",-72.277359583409,42.2484278069455
"MA36-72",-72.173231502456,42.4289590447215
"MA36-73",-72.3838790762993,42.2810721814699
"MA36-48",-72.2795907984614,42.19273407129
"MA72-11",-71.1167544122132,42.3093946020262
"MA72-21",-71.2239600453127,42.2397575760191
"MA72-22",-71.2250521252738,42.2783735839177
"MA72-23",-71.1687344939641,42.2946449982104
"MA72-24",-71.1953149752666,42.3154308626196
"MA72-26",-71.2901265467004,42.4052361762994
"MA72-27",-71.2891621770423,42.4021953433359
"MA72-28",-71.2216137948183,42.402750976429
"MA72-32",-71.160098412923,42.3674037094588
"MA72-07",-71.3359092820622,42.2279214306917
"MA72-37",-71.1391413137189,42.2610163004572
"MA72-36",-71.329544564263,42.232513719965
"MA72-38",-71.3091283806095,42.2409566619621
"MA72-25",-71.2504104824796,42.2978646891405
"MA72-29",-71.2293988039881,42.3454736467984
"MA72-44",-71.2868750409539,42.3436496581273
"MA72-30",-71.1885086599875,42.3602577217697
"MA72-31",-71.0754133879902,42.3784073514297
"MA72-46",-71.26980851252,42.4200020732728
"MA72-45",-71.2852947109286,42.4384876191027
"MA72-47",-71.2602639559446,42.4424872991198
"MA72-48",-71.2509731369518,42.419695735066
"MA72-52",-71.2359690884326,42.3065876354125
"MA72-12",-71.4875289430583,42.1178949514125
"MA72-14",-71.4237770962069,42.0786400348219
"MA72-15",-71.3605564688635,42.0818468318787
"MA72-17",-71.3069873831948,42.3076436464111
"MA72-18",-71.2786873522908,42.293439871276
"MA72-20",-71.2419798795815,42.2392008736502
"MA72-01",-71.5119332213451,42.1875094763183
"MA72-33",-71.521878041761,42.166234898486
"MA72-03",-71.5165757809197,42.1525041413557
"MA72-05",-71.399061488756,42.1528756948796
"MA72-06",-71.38187432077,42.1736414681799
"MA72-09",-71.3116859949531,42.1051849250617
"MA72-10",-71.3083744779722,42.1255391267984
"MA72-16",-71.3975480368543,42.1946362159014
"MA72-34",-71.4415595849203,42.1798281092633
"MA72-35",-71.4736072815016,42.1754685282211
"MA72-04",-71.4610918479415,42.1334498034504
"MA72-19",-71.2937798695932,42.2407247105182
"MA72-43",-71.3267737993335,42.3220517985838
"MA72-42",-71.3574598692884,42.2566529208613
"MA72-41",-71.3188142861839,42.2334197295237
"MA72-40",-71.4113643073554,42.2253683343388
"MA72-39",-71.3085557093054,42.208674946855
"MA72-50",-71.4025977578961,42.1138416168794
"MA72-49",-71.3687741811061,42.2311891893573
"MA72-51",-71.5295548754,42.139989176821
"MA96-127",-70.4398965373557,41.6906375899581
"MA96-128",-70.3329726161374,41.6762132699721
"MA96-129",-69.9872703514294,41.7021221307738
"MA96-130",-70.1806521000318,41.74285644458
"MA96-131",-70.5674430186203,41.5882990573722
"MA96-132",-70.3303435989648,41.6403960152972
"MA96-133",-70.2191831046431,41.6956315623634
"MA96-67",-70.0393574128175,41.9605207641047
"MA96-89",-70.5017751353536,41.6767296444258
"MA96-90",-70.5067906615662,41.6309942764065
"MA96-91",-70.4576196809643,41.6471440025734
"MA96-98",-70.5298542143406,41.6364683739795
"MA96-99",-70.4480593789338,41.6573690656625
"MA96-100",-70.3221076005901,41.6478985288675
"MA96-101",-70.2694938889714,41.6774623666112
"MA96-104",-70.091525432373,41.7507296897406
"MA96-105",-70.0614888741127,41.7024414837205
"MA96-108",-70.0344576981795,41.947258701738
"MA96-103",-70.1954405620473,41.7408001930259
"MA96-106",-70.0712133911309,41.7246075673552
"MA96-102",-70.2233045053806,41.704456392177
"MA96-107",-70.0366655761599,41.6938271217427
"MA96-69",-70.5688378261232,41.6157210503561
"MA96-134",-70.0685526938299,41.6789661319224
"MA96-135",-70.3868120453227,41.6659877450511
"MA96-136",-69.9758031101164,41.8827073076534
"MA74-01",-70.9051492360407,42.1948747350231
"MA74-02",-70.8835471420576,42.2025193530063
"MA74-04",-70.9676644741353,42.1718711555392
"MA74-05",-70.9477177544384,42.1782377444218
"MA74-06",-71.0185270146287,42.1568937038096
"MA74-28",-71.0600861415333,42.1914814341788
"MA74-08",-71.0338313018887,42.1805127466303
"MA74-09",-71.0147836537135,42.2315569709633
"MA74-10",-71.0347497130165,42.2454894692401
"MA74-12",-71.0068212246875,42.135517475151
"MA74-16",-70.8769538493516,42.1823970473206
"MA74-17",-70.8710912948953,42.1899356097947
"MA74-23",-71.0426118871797,42.1476715396358
"MA74-21",-70.8915809620373,42.1937785347746
"MA74-19",-70.9080125630262,42.1926034154657
"MA74-22",-70.9996192900413,42.1754906159976
"MA74-20",-70.9080125630262,42.1926034154657
"MA74-03",-70.930810362699,42.1716696557476
"MA74-24",-70.9749134419589,42.2023468047713
"MA74-26",-71.0146205412107,42.2048494651246
"MA74-25",-71.0846468663527,42.2058476845795
"MA73-03",-71.1760558422241,42.1726740952446
"MA73-06",-71.2360431437496,42.1132164410635
"MA73-07",-71.2613350623274,42.2147601765316
"MA73-08",-71.2709797758404,42.2036982284638
"MA73-09",-71.2723531476755,42.1894313287835
"MA73-10",-71.2725269451037,42.1776596424191
"MA73-11",-71.2530191297236,42.1960096382273
"MA73-14",-71.2457484941791,42.1986829678564
"MA73-15",-71.2224789934162,42.2030598524884
"MA73-16",-71.2353415487846,42.19664360928
"MA73-18",-71.1225330545886,42.1233982901587
"MA73-19",-71.1892763605995,42.1262327769094
"MA73-20",-71.1035034675626,42.147397641333
"MA73-21",-71.171866600635,42.1156729439102
"MA73-23",-71.2021156431983,42.2101514251918
"MA73-28",-71.1498978482809,42.251938856264
"MA73-29",-71.0824435488904,42.2383987948743
"MA73-31",-71.1687890616881,42.0968205038784
"MA73-32",-71.1185384029365,42.1214498330319
"MA73-05",-71.1356886274057,42.1361475289909
"MA73-12",-71.2447820525762,42.2119981353366
"MA73-01",-71.2395675115879,42.156046550893
"MA73-22",-71.1005008297632,42.1679580587015
"MA73-24",-71.1896920928769,42.2132499024205
"MA73-02",-71.1871002262152,42.1618123625389
"MA73-17",-71.2040182616493,42.1474635077536
"MA73-25",-71.13959140151,42.1845070248698
"MA73-26",-71.0611176842752,42.2551929041168
"MA73-27",-71.1118237615871,42.1923865007477
"MA73-33",-71.1959580810801,42.1906514862071
"MA73-34",-71.2338666352719,42.1370325646235
"MA73-35",-71.2067641752673,42.1139991993302
"MA73-03",-71.1760558422241,42.1726740952446
"MA73-06",-71.2360431437496,42.1132164410635
"MA73-07",-71.2613350623274,42.2147601765316
"MA73-08",-71.2709797758404,42.2036982284638
"MA73-09",-71.2723531476755,42.1894313287835
"MA73-10",-71.2725269451037,42.1776596424191
"MA73-11",-71.2530191297236,42.1960096382273
"MA73-14",-71.2457484941791,42.1986829678564
"MA73-15",-71.2224789934162,42.2030598524884
"MA73-16",-71.2353415487846,42.19664360928
"MA73-18",-71.1225330545886,42.1233982901587
"MA73-19",-71.1892763605995,42.1262327769094
"MA73-20",-71.1035034675626,42.147397641333
"MA73-21",-71.171866600635,42.1156729439102
"MA73-23",-71.2021156431983,42.2101514251918
"MA73-28",-71.1498978482809,42.251938856264
"MA73-29",-71.0824435488904,42.2383987948743
"MA73-31",-71.1687890616881,42.0968205038784
"MA73-32",-71.1185384029365,42.1214498330319
"MA73-05",-71.1356886274057,42.1361475289909
"MA73-12",-71.2447820525762,42.2119981353366
"MA73-01",-71.2395675115879,42.156046550893
"MA73-22",-71.1005008297632,42.1679580587015
"MA73-24",-71.1896920928769,42.2132499024205
"MA73-02",-71.1871002262152,42.1618123625389
"MA73-17",-71.2040182616493,42.1474635077536
"MA73-25",-71.13959140151,42.1845070248698
"MA73-26",-71.0611176842752,42.2551929041168
"MA73-27",-71.1118237615871,42.1923865007477
"MA73-33",-71.1959580810801,42.1906514862071
"MA73-34",-71.2338666352719,42.1370325646235
"MA73-35",-71.2067641752673,42.1139991993302
"MA51-02",-71.8458587681926,42.2505955409891
"MA51-03",-71.7924650733775,42.2394624028279
"MA51-06",-71.7156513390142,42.1178645372605
"MA51-07",-71.8305301507266,42.2783481542207
"MA51-08",-71.8036531700631,42.2879861553363
"MA51-11",-71.6389845650958,42.1984151747305
"MA51-14",-71.7288189584735,42.0947766516513
"MA51-15",-71.8704096689854,42.2959685180852
"MA51-16",-71.8239666923827,42.176334922173
"MA51-17",-71.7769621983962,42.3179678593452
"MA51-18",-71.4623348550948,42.0403726073408
"MA51-01",-71.8593045239522,42.2163914676888
"MA51-09",-71.7312568153759,42.2694419209719
"MA51-35",-71.5464387783078,42.1286322183706
"MA51-12",-71.6116155745085,42.1554976902458
"MA51-13",-71.7664815017681,42.0827487451584
"MA51-19",-71.9097780062362,42.2893064977004
"MA51-20",-71.8580310473091,42.2177078827882
"MA51-32",-71.4838868183006,42.0413080855311
"MA51-33",-71.6717883041266,42.0253928768438
"MA51-27",-71.7749296094022,42.2905213816417
"MA51-29",-71.6632133481791,42.0484512711935
"MA51-23",-71.6781972813358,42.0404286800468
"MA51-24",-71.6771600130657,42.0466972135347
"MA51-25",-71.5535931307483,42.0851703338614
"MA51-22",-71.7381611660591,42.0181089107981
"MA51-21",-71.6529846857549,42.2159096625636
"MA51-36",-71.5386780734364,42.1064591459551
"MA51-37",-71.5896995811878,42.1230385341679
"MA51-04",-71.7812455167285,42.2318004615851
"MA51-05",-71.7333024365122,42.1755938707368
"MA51-28",-71.7244641322273,42.1153377164601
"MA51-26",-71.5907807804418,42.1319409369762
"MA51-30",-71.6958781262794,42.0301772280556
"MA51-31",-71.7834180918612,42.1563952930295
"MA51-34",-71.5955719764901,42.1763361343692
"MA51-38",-71.8543790332072,42.1829107951685
"MA51-39",-71.5587215534855,42.0430039009289
"MA51-40",-71.5508938681843,42.1015742702514
"MA51-41",-71.6223313789259,42.0168308239074
"MA51-42",-71.6624033936104,42.074664692772
"MA51-44",-71.7255634181371,42.3341904397296
"MA51-43",-71.7299283526074,42.3011707543939
"MA51-46",-71.861346967966,42.3243425114147
"MA51-47",-71.6221356976064,42.2014349080164
"MA51-48",-71.869596922182,42.3260097167876
"MA51-50",-71.7016049112588,42.0643223337601
"MA51-51",-71.7996091809938,42.0578401939563
"MA51-52",-71.7840097997355,42.083639883096
"MA51-54",-71.8095272999079,42.0789958779144
"MA51-55",-71.7185648093303,42.0336795499609
"MA51-45",-71.7232028679813,42.2016799973308
"MA51-53",-71.8952378115609,42.3161609713221
"MA51-49",-71.8685313883397,42.189432250518
"MA71-01",-71.1443227742048,42.4857063247132
"MA71-02",-71.1329683428354,42.4483923491937
"MA71-20",-71.1553095433439,42.3949923898376
"MA71-11",-71.185270406777,42.4577505616061
"MA71-10",-71.1750680928217,42.4893079863158
"MA71-05",-71.0771764953098,42.4427167044074
"MA71-07",-71.1865914853245,42.430193823166
"MA71-16",-71.1713098607231,42.474125356838
"MA71-15",-71.2024386207752,42.4414132643585
"MA71-13",-71.1116536560571,42.439134223657
"MA71-22",-71.1709415426319,42.3980124386463
"MA71-21",-71.1709582375517,42.3980128024499
"MA71-19",-71.1810506226644,42.3877087505278
"MA71-09",-71.1757332236088,42.4043400699577
"MA71-17",-71.0769459596032,42.4550710488699
"MA95-13",-70.9566883427695,41.6257650768424
"MA95-28",-70.6423910587606,41.8285657311447
"MA95-40",-71.0422991010267,41.682323070322
"MA95-43",-71.0433823213183,41.7201828667598
"MA95-44",-71.0877014847583,41.5969193177804
"MA95-31",-70.9133320782384,41.7348570926183
"MA95-11",-70.9804178627448,41.6490336242841
"MA95-12",-71.0240251197042,41.7058782455472
"MA95-06",-70.8080848254942,41.7598741098546
"MA95-04",-70.760333663235,41.867653098586
"MA95-36",-70.8594014540853,41.7296415920783
"MA95-45",-71.0886824161975,41.5935636204363
"MA95-57",-71.0426976557235,41.7135585500647
"MA95-58",-71.0810360614599,41.6646196281985
"MA95-86",-70.6881005264868,41.8476244152206
"MA95-85",-70.6998333413687,41.8322261688226
"MA95-84",-71.0913164303984,41.589530983564
"MA95-83",-71.1030786051666,41.5746512262634
"MA95-82",-71.0880373317601,41.6176272342981
"MA95-80",-70.7746549099137,41.6955737967628
"MA95-75",-71.0837027801613,41.6692052963643
"MA95-74",-70.6130516123216,41.8060290991576
"MA95-73",-71.0887893281537,41.5450210567721
"MA95-81",-70.7704769205881,41.6878862270572
"MA95-32",-70.9147290748813,41.7295578719222
"MA95-90",-71.0270443216015,41.5841479494364
"MA95-91",-71.0204051535206,41.5565492283487
"MA95-92",-71.0194055428811,41.5423204029156
"MA95-96",-70.816309478095,41.7252592936606
"MA95-97",-71.0553474040068,41.5796056653884
"MA95-98",-71.0443774941957,41.6030550483421
"MA95-99",-70.8094018541564,41.6640877545356
"MA95-61",-70.8717043783493,41.6901579641575
"MA95-63",-70.7251160368135,41.7863622429283
"MA95-64",-70.8732217971347,41.6577009257226
"MA95-62",-70.5987810629963,41.7497135256958
"MA53-01",-71.3268256930305,41.8236821662991
"MA53-16",-71.2331195321795,41.803196592275
"MA53-13",-71.3031613376645,41.8061068214912
"MA53-12",-71.2944985825969,41.842961473843
"MA53-08",-71.2222800324542,41.8671803655343
"MA53-11",-71.2124543089128,41.8493888684187
"MA53-07",-71.2666993510104,41.8824939518536
"MA53-09",-71.2576382189123,41.8391698035434
"MA53-10",-71.2523611388049,41.8327223018986
"MA53-14",-71.2985113888736,41.791381952214
"MA53-15",-71.2513708560733,41.8056355117272
"MA53-19",-71.2781508007178,41.8976851218962
"MA53-20",-71.3145964474771,41.8454768954628
"MA53-21",-71.3131574993579,41.8100061320783
"MA53-22",-71.2522974900152,41.8600699070033
"MA32_87",-72.9655575347891,42.440943909483
"MA32_86",-72.9353296201755,42.1803433057498
"MA32_85",-72.8815551535067,42.3096085307433
"MA32_84",-72.8593247123,42.1405002697546
"MA32_83",-72.9108738367942,42.3406918924733
"MA32_82",-72.9610301405279,42.4628651391645
"MA32_81",-72.9911053638764,42.1996251652499
"MA32_80",-72.9724101657678,42.3079651231065
"MA32_79",-73.0087753456766,42.4753332901104
"MA32_78",-72.9239256169545,42.2624105036053
"MA32_77",-72.7544120116344,42.1011197148871
"MA32_76",-73.0376531821958,42.5042832533329
"MA32_75",-72.8668891800621,42.1062681438032
"MA32_74",-73.0792563714257,42.2811749925029
"MA32_73",-72.9129671737871,42.1932082355083
"MA32_72",-73.0233056167715,42.3916272680635
"MA32_71",-72.9795775881118,42.2642634464637
"MA32_70",-73.0065150956655,42.2892163090611
"MA32_69",-72.8860857812615,42.5391563513749
"MA32_68",-72.8043001375536,42.4154074750807
"MA32_67",-72.9890013355726,42.1652329527109
"MA32_66",-72.9764140359786,42.3786068261553
"MA32_65",-72.9776064778789,42.3797200380373
"MA32_64",-73.0227775754433,42.4248206577657
"MA32_63",-72.8178191096982,42.386456192264
"MA32_62",-72.9564211203465,42.2920469087407
"MA32_61",-72.9246541628009,42.2768245352014
"MA32_60",-72.9002657623769,42.1988981007836
"MA32_59",-72.8489370504975,42.0809032626553
"MA32_58",-72.7247953472669,42.1703025357434
"MA32_57",-72.6885733828496,42.1514323530629
"MA32_56",-72.6930071431297,42.1441780662831
"MA32_55",-72.7539909885227,42.0858382598187
"MA32_54",-72.8744084547618,42.4939894093046
"MA32_53",-73.0265386206997,42.5234803459556
"MA32_52",-73.0209433153308,42.5075081353986
"MA32_51",-73.0185244935515,42.4878941117483
"MA32_50",-72.9475693985957,42.504426553935
"MA32_49",-72.924715806072,42.5171533183681
"MA32_48",-72.8207563525262,42.4733775921412
"MA32_47",-72.8962333290923,42.4344003119788
"MA32_46",-72.9503311690286,42.4585367969661
"MA32_45",-72.944359455048,42.4425631761736
"MA32_44",-72.8355449545375,42.2964703222465
"MA32_43",-73.0522368908925,42.4028329093207
"MA32_42",-73.039562170393,42.3661857913497
"MA32_41",-72.803644231699,42.1809155715054
"MA32_40",-72.8142166570079,42.214651974688
"MA32_39",-72.7847022183477,42.0971557940505
"MA32_38",-72.8351478681613,42.1187557701931
"MA32_37",-72.7757340265429,42.0952475721037
"MA32_36",-72.9137287224625,42.1356590880869
"MA32_35",-72.9561544324207,42.1615100288991
"MA32_34",-72.8697024053681,42.0775235353784
"MA32_33",-72.9797580809024,42.2072784006959
"MA32_32",-72.9158128961779,42.3391866600141
"MA32_31",-72.9612650512031,42.2388758335068
"MA32_30",-72.8400913546472,42.250396349642
"MA32_29",-72.6715343882671,42.1580563119047
"MA32_28",-72.6636370792169,42.0760080661687
"MA32_27",-72.6749823625124,42.0821560356498
"MA32_25",-72.7598689253266,42.0566026861896
"MA32_24",-72.6987713116919,42.162794537906
"MA32_22",-72.8728968257649,42.1632032851721
"MA32_21",-72.8967956225108,42.1985095288711
"MA32_20",-73.0352149293806,42.2666719799538
"MA32_19",-73.112453735584,42.3120235277125
"MA32_18",-73.1270831475815,42.3418174042295
"MA32_17",-73.1191575223281,42.352859177496
"MA32_16",-72.9136071784527,42.3738745504484
"MA32_15",-72.9228027504147,42.395967943639
"MA32_14",-72.9430792527968,42.3907190546993
"MA32_13",-72.9365362109923,42.4370086760231
"MA32_12",-72.8509286570605,42.5005892784572
"MA32_11",-72.8949174246173,42.4955859016757
"MA32_10",-72.9936158899808,42.3514720035549
"MA32_09",-72.7267274272064,42.1621144520118
"MA32_08",-72.9019765942155,42.1331868460728
"MA32_07",-72.9047780385701,42.2942390978731
"MA32_06",-72.9146092002962,42.3012530800942
"MA32_05",-72.9321782878242,42.3213867169991
"MA32_04",-72.9059194864889,42.4491543856167
"MA32_03",-72.9698964999465,42.3709869987372
"MA32_01",-73.0300976042119,42.3037983009494
